ObjectID,PrimaryDomainID,DomainTag,Object,Field,Type,Required,Description,Relationship_or_Rule
OBJ-CMP-0001,DOM-ORG-0001,ORG,Company,CompanyID,UUID,Yes,Runtime Company record identifier,Runtime primary key; distinct from canonical ObjectID
OBJ-CMP-0001,DOM-ORG-0001,ORG,Company,Name,String,Yes,Common company name,
OBJ-CMP-0001,DOM-ORG-0001,ORG,Company,CompanyType,Enum,Yes,Customer Vendor Partner Internal Prospect etc,
OBJ-CMP-0001,DOM-ORG-0001,ORG,Company,PrimaryLocationID,UUID,No,Primary operating location,FK Location
OBJ-CMP-0001,DOM-ORG-0001,ORG,Company,PrimaryInternetDomain,String,No,Primary DNS/Internet domain for the company,Not the ITOMS architectural PrimaryDomainID
OBJ-CMP-0001,DOM-ORG-0001,ORG,Company,PrimaryInternetDomainID,UUID,No,Canonical primary Internet Domain when established,FK Internet Domain; PrimaryInternetDomain remains a convenience label
OBJ-PER-0001,DOM-ORG-0001,ORG,Person,PersonID,UUID,Yes,Runtime Person record identifier,Runtime primary key; distinct from canonical ObjectID
OBJ-PER-0001,DOM-ORG-0001,ORG,Person,DisplayName,String,Yes,Display name,
OBJ-PER-0001,DOM-ORG-0001,ORG,Person,VerificationState,Enum,Yes,Unverified Verified Authorized NotAuthorized,
OBJ-PER-0001,DOM-ORG-0001,ORG,Person,PrimaryCompanyID,UUID,No,Default company context,FK Company
OBJ-CON-0001,DOM-ORG-0001,ORG,Contact,ContactID,UUID,Yes,Runtime Contact record identifier,Runtime primary key; distinct from canonical ObjectID
OBJ-CON-0001,DOM-ORG-0001,ORG,Contact,PersonID,UUID,Yes,Person holding contact role,FK Person
OBJ-CON-0001,DOM-ORG-0001,ORG,Contact,CompanyID,UUID,No,Company context,FK Company
OBJ-LOC-0001,DOM-LOC-0001,LOC,Location,LocationID,UUID,Yes,Runtime Location record identifier,Runtime primary key; distinct from canonical ObjectID
OBJ-LOC-0001,DOM-LOC-0001,LOC,Location,ParentLocationID,UUID,No,Parent site floor room or container,Self FK
OBJ-LOC-0001,DOM-LOC-0001,LOC,Location,Latitude,Decimal,No,Geographic latitude,
OBJ-LOC-0001,DOM-LOC-0001,LOC,Location,Longitude,Decimal,No,Geographic longitude,
OBJ-AST-0001,DOM-INV-0001,INV,Asset,AssetID,UUID,Yes,Runtime Asset record identifier,Runtime primary key; distinct from canonical ObjectID
OBJ-AST-0001,DOM-INV-0001,INV,Asset,AssetTag,String,No,Human-facing tag,Unique within company where used
OBJ-AST-0001,DOM-INV-0001,INV,Asset,OwnershipState,Enum,Yes,Current authoritative ownership resolution state,Verified asserted unknown disputed or reconciling
OBJ-AST-0001,DOM-INV-0001,INV,Asset,OwnerType,Enum,No,Current authoritative Owner type,Company or Person; required unless ownership is unresolved
OBJ-AST-0001,DOM-INV-0001,INV,Asset,OwnerID,UUID,No,Current authoritative Owner runtime identifier,Typed FK according to OwnerType; historical intervals retained separately
OBJ-AST-0001,DOM-INV-0001,INV,Asset,OwnerEffectiveFrom,DateTime,No,Start of current ownership interval,Required with OwnerID
OBJ-AST-0001,DOM-INV-0001,INV,Asset,OwnerVerifiedAt,DateTime,No,Most recent ownership verification time,Verification evidence retained separately
OBJ-AST-0001,DOM-INV-0001,INV,Asset,CurrentLocationID,UUID,No,Convenience current location,Derived from latest occupancy interval
OBJ-AST-0001,DOM-INV-0001,INV,Asset,CustodianPersonID,UUID,No,Convenience current individual custodian,Derived from active custody relationship; never defines Owner
OBJ-DEV-0001,DOM-INV-0001,INV,Device,DeviceID,UUID,Yes,Runtime Device record identifier,Runtime primary key; distinct from canonical ObjectID
OBJ-DEV-0001,DOM-INV-0001,INV,Device,AssetID,UUID,Yes,Underlying asset,FK Asset
OBJ-DEV-0001,DOM-INV-0001,INV,Device,Hostname,String,No,Current hostname,Historical changes retained
OBJ-DEV-0001,DOM-INV-0001,INV,Device,LastSeen,DateTime,No,Last management or discovery sighting,
OBJ-SRV-0001,DOM-INV-0001,INV,Server,ServerID,UUID,Yes,Runtime Server record identifier,Runtime primary key; distinct from canonical ObjectID
OBJ-SRV-0001,DOM-INV-0001,INV,Server,DeviceID,UUID,Yes,Underlying device,FK Device
OBJ-IDN-0001,DOM-INV-0001,INV,InternetDomain,InternetDomainID,UUID,Yes,Runtime Internet Domain record identifier,Runtime primary key; distinct from canonical ObjectID
OBJ-IDN-0001,DOM-INV-0001,INV,InternetDomain,AssetID,UUID,Yes,Underlying technical Asset,FK Asset
OBJ-IDN-0001,DOM-INV-0001,INV,InternetDomain,DomainName,String,Yes,Normalized Internet DNS name,Normalization and uniqueness scope pending design review
OBJ-APP-0001,DOM-APP-0001,APP,Application,ApplicationID,UUID,Yes,Runtime Application record identifier,Runtime primary key; distinct from canonical ObjectID
OBJ-APP-0001,DOM-APP-0001,APP,Application,BusinessOwnerPersonID,UUID,No,Business owner,FK Person
OBJ-SUB-0001,DOM-FIN-0001,FIN,Subscription,SubscriptionID,UUID,Yes,Runtime Subscription record identifier,Runtime primary key; distinct from canonical ObjectID
OBJ-SUB-0001,DOM-FIN-0001,FIN,Subscription,RenewalDate,Date,No,Next renewal date,
OBJ-SGR-0001,DOM-IAM-0001,IAM,SecurityGroup,SecurityGroupID,UUID,Yes,Runtime SecurityGroup record identifier,Runtime primary key; distinct from canonical ObjectID
OBJ-SGR-0001,DOM-IAM-0001,IAM,SecurityGroup,SourceSystem,String,No,Entra AD local app etc,
OBJ-FWK-0001,DOM-GRC-0001,GRC,Framework,FrameworkID,UUID,Yes,Runtime Framework record identifier,Runtime primary key; distinct from canonical ObjectID
OBJ-FWK-0001,DOM-GRC-0001,GRC,Framework,Name,String,Yes,Framework name,
OBJ-FWK-0001,DOM-GRC-0001,GRC,Framework,Version,String,Yes,Framework edition or version,Version history retained
OBJ-FWK-0001,DOM-GRC-0001,GRC,Framework,Authority,String,No,Issuing or maintaining authority,May later resolve to Company or another canonical party
OBJ-REQ-0001,DOM-GRC-0001,GRC,Requirement,RequirementID,UUID,Yes,Runtime Requirement record identifier,Runtime primary key; distinct from canonical ObjectID
OBJ-REQ-0001,DOM-GRC-0001,GRC,Requirement,FrameworkID,UUID,Yes,Source Framework,FK Framework
OBJ-REQ-0001,DOM-GRC-0001,GRC,Requirement,RequirementCode,String,Yes,Source identifier within the Framework,Uniqueness scope includes Framework version
OBJ-REQ-0001,DOM-GRC-0001,GRC,Requirement,RequirementText,Text,Yes,Versioned source requirement text,Preserve provenance and effective period
OBJ-POL-0001,DOM-GRC-0001,GRC,Policy,PolicyID,UUID,Yes,Runtime Policy record identifier,Runtime primary key; distinct from canonical ObjectID
OBJ-POL-0001,DOM-GRC-0001,GRC,Policy,VerificationPercent,Decimal,No,Legacy current verification convenience value,0-100; derived compatibility field and not assessment history
OBJ-CTL-0001,DOM-GRC-0001,GRC,Control,ControlID,UUID,Yes,Runtime Control record identifier,Runtime primary key; distinct from canonical ObjectID
OBJ-CIM-0001,DOM-GRC-0001,GRC,ControlImplementation,ControlImplementationID,UUID,Yes,Runtime Control Implementation identifier,Runtime primary key; distinct from canonical ObjectID
OBJ-CIM-0001,DOM-GRC-0001,GRC,ControlImplementation,ControlID,UUID,Yes,Reusable Control being implemented,FK Control
OBJ-CIM-0001,DOM-GRC-0001,GRC,ControlImplementation,ScopeObjectType,String,Yes,Canonical type defining implementation scope,References a registered ObjectID type
OBJ-CIM-0001,DOM-GRC-0001,GRC,ControlImplementation,ScopeObjectID,UUID,Yes,Runtime record defining implementation scope,Typed relationship according to ScopeObjectType
OBJ-CIM-0001,DOM-GRC-0001,GRC,ControlImplementation,ImplementationNarrative,Text,Yes,Description of actual or planned implementation,Version and effective dates retained
OBJ-RSK-0001,DOM-GRC-0001,GRC,Risk,RiskID,UUID,Yes,Runtime Risk record identifier,Runtime primary key; distinct from canonical ObjectID
OBJ-RSK-0001,DOM-GRC-0001,GRC,Risk,AcceptedByPersonID,UUID,No,Person accepting risk,FK Person
OBJ-OBS-0001,DOM-OPS-0001,OPS,Observation,ObservationID,UUID,Yes,Runtime Observation record identifier,Runtime primary key; distinct from canonical ObjectID
OBJ-OBS-0001,DOM-OPS-0001,OPS,Observation,ObservationText,Text,Yes,Factual captured note,
OBJ-FND-0001,DOM-OPS-0001,OPS,Finding,FindingID,UUID,Yes,Runtime Finding record identifier,Runtime primary key; distinct from canonical ObjectID
OBJ-FND-0001,DOM-OPS-0001,OPS,Finding,SubjectObjectType,String,Yes,Canonical subject type evaluated,References a registered ObjectID type
OBJ-FND-0001,DOM-OPS-0001,OPS,Finding,SubjectObjectID,UUID,Yes,Runtime subject record identifier,Typed relationship according to SubjectObjectType
OBJ-FND-0001,DOM-OPS-0001,OPS,Finding,ControlID,UUID,No,Control whose evaluation contributed to the Finding,FK Control
OBJ-FND-0001,DOM-OPS-0001,OPS,Finding,Severity,String,No,Current explainable severity,Configured policy value; thresholds retained with evaluation history
OBJ-FND-0001,DOM-OPS-0001,OPS,Finding,Status,String,Yes,Current lifecycle or disposition state,Final state model pending design review
OBJ-FND-0001,DOM-OPS-0001,OPS,Finding,FirstSeenAt,DateTime,Yes,First supported occurrence time,
OBJ-FND-0001,DOM-OPS-0001,OPS,Finding,LastSeenAt,DateTime,Yes,Most recent supported occurrence time,
OBJ-ASM-0001,DOM-GRC-0001,GRC,Assessment,AssessmentID,UUID,Yes,Runtime Assessment record identifier,Runtime primary key; distinct from canonical ObjectID
OBJ-ASM-0001,DOM-GRC-0001,GRC,Assessment,RunAt,DateTime,Yes,Assessment execution timestamp,
OBJ-ASM-0001,DOM-GRC-0001,GRC,Assessment,AssessmentMode,String,Yes,Manual or approved future mode,V1 default Manual
OBJ-REM-0001,DOM-GRC-0001,GRC,Remediation,RemediationID,UUID,Yes,Runtime Remediation record identifier,Runtime primary key; distinct from canonical ObjectID
OBJ-REM-0001,DOM-GRC-0001,GRC,Remediation,Status,String,Yes,Proposal and planning lifecycle state,Final lifecycle pending design review
OBJ-REM-0001,DOM-GRC-0001,GRC,Remediation,EstimatedEffort,Decimal,No,Estimated work effort,Unit and estimating basis required
OBJ-REM-0001,DOM-GRC-0001,GRC,Remediation,EstimatedCost,Decimal,No,Estimated monetary cost,Currency range confidence and estimating basis required
OBJ-REM-0001,DOM-GRC-0001,GRC,Remediation,TargetEffect,String,Yes,Explicit projected posture effect,Used only for Planned Posture until reassessed
OBJ-WFL-0001,DOM-OPS-0001,OPS,Workflow,WorkflowID,UUID,Yes,Runtime Workflow record identifier,Runtime primary key; distinct from canonical ObjectID
OBJ-WFL-0001,DOM-OPS-0001,OPS,Workflow,ObjectType,String,Yes,Object type workflow applies to,
OBJ-WSS-0001,DOM-OPS-0001,OPS,WorkSession,WorkSessionID,UUID,Yes,Runtime Work Session record identifier,Runtime primary key; distinct from canonical ObjectID
OBJ-WSS-0001,DOM-OPS-0001,OPS,WorkSession,PersonID,UUID,Yes,Person performing the work,FK Person
OBJ-WSS-0001,DOM-OPS-0001,OPS,WorkSession,WorkflowID,UUID,No,Applicable Workflow definition or instance,FK Workflow; optional for ad-hoc work
OBJ-WSS-0001,DOM-OPS-0001,OPS,WorkSession,Status,String,Yes,Current session lifecycle state,Active paused handed-off completed abandoned archived
OBJ-WSS-0001,DOM-OPS-0001,OPS,WorkSession,StartedAt,DateTime,Yes,Time the Work Session began,
OBJ-WSS-0001,DOM-OPS-0001,OPS,WorkSession,LastActivityAt,DateTime,Yes,Most recent material activity time,
OBJ-ATT-0001,DOM-OPS-0001,OPS,AttentionItem,AttentionItemID,UUID,Yes,Runtime AttentionItem record identifier,Runtime primary key; distinct from canonical ObjectID
OBJ-ATT-0001,DOM-OPS-0001,OPS,AttentionItem,Weight,Decimal,Yes,Computed attention weight,Derived
OBJ-TOP-0001,DOM-OPS-0001,OPS,Topic,TopicID,UUID,Yes,Runtime Topic record identifier,Runtime primary key; distinct from canonical ObjectID
OBJ-CAS-0001,DOM-OPS-0001,OPS,Case,CaseID,UUID,Yes,Runtime Case record identifier,Runtime primary key; distinct from canonical ObjectID
OBJ-CAS-0001,DOM-OPS-0001,OPS,Case,TopicID,UUID,No,Parent topic,FK Topic
OBJ-EVD-0001,DOM-KNO-0001,KNO,Evidence,EvidenceID,UUID,Yes,Runtime Evidence record identifier,Runtime primary key; distinct from canonical ObjectID
OBJ-EVD-0001,DOM-KNO-0001,KNO,Evidence,RelatedObjectType,String,Yes,Object type evidence supports,Polymorphic relationship
OBJ-EVD-0001,DOM-KNO-0001,KNO,Evidence,RelatedObjectID,UUID,Yes,Object identifier evidence supports,Polymorphic relationship
OBJ-DRV-0001,DOM-GRC-0001,GRC,ComplianceDriver,ComplianceDriverID,UUID,Yes,Runtime record identifier,Runtime primary key; distinct from canonical ObjectID
OBJ-DRV-0001,DOM-GRC-0001,GRC,ComplianceDriver,Revision,String,Yes,Immutable revision identifier,Changed content produces a new revision; stable record identity retained
OBJ-DRV-0001,DOM-GRC-0001,GRC,ComplianceDriver,EffectiveFrom,DateTime,Yes,Start of applicability or content validity,Retain prior effective intervals
OBJ-DRV-0001,DOM-GRC-0001,GRC,ComplianceDriver,EffectiveTo,DateTime,No,Exclusive end of validity,Absent means open interval; must be later than EffectiveFrom
OBJ-DRV-0001,DOM-GRC-0001,GRC,ComplianceDriver,RecordedAt,DateTime,Yes,Time this revision was recorded,Distinct from effective time
OBJ-GDN-0001,DOM-KNO-0001,KNO,Guidance,GuidanceID,UUID,Yes,Runtime record identifier,Runtime primary key; distinct from canonical ObjectID
OBJ-GDN-0001,DOM-KNO-0001,KNO,Guidance,Revision,String,Yes,Immutable revision identifier,Changed content produces a new revision; stable record identity retained
OBJ-GDN-0001,DOM-KNO-0001,KNO,Guidance,EffectiveFrom,DateTime,Yes,Start of applicability or content validity,Retain prior effective intervals
OBJ-GDN-0001,DOM-KNO-0001,KNO,Guidance,EffectiveTo,DateTime,No,Exclusive end of validity,Absent means open interval; must be later than EffectiveFrom
OBJ-GDN-0001,DOM-KNO-0001,KNO,Guidance,RecordedAt,DateTime,Yes,Time this revision was recorded,Distinct from effective time
OBJ-OBJ-0001,DOM-KNO-0001,KNO,Objective,ObjectiveID,UUID,Yes,Runtime record identifier,Runtime primary key; distinct from canonical ObjectID
OBJ-OBJ-0001,DOM-KNO-0001,KNO,Objective,Revision,String,Yes,Immutable revision identifier,Changed content produces a new revision; stable record identity retained
OBJ-OBJ-0001,DOM-KNO-0001,KNO,Objective,EffectiveFrom,DateTime,Yes,Start of applicability or content validity,Retain prior effective intervals
OBJ-OBJ-0001,DOM-KNO-0001,KNO,Objective,EffectiveTo,DateTime,No,Exclusive end of validity,Absent means open interval; must be later than EffectiveFrom
OBJ-OBJ-0001,DOM-KNO-0001,KNO,Objective,RecordedAt,DateTime,Yes,Time this revision was recorded,Distinct from effective time
OBJ-IOP-0001,DOM-KNO-0001,KNO,ImplementationOption,ImplementationOptionID,UUID,Yes,Runtime record identifier,Runtime primary key; distinct from canonical ObjectID
OBJ-IOP-0001,DOM-KNO-0001,KNO,ImplementationOption,Revision,String,Yes,Immutable revision identifier,Changed content produces a new revision; stable record identity retained
OBJ-IOP-0001,DOM-KNO-0001,KNO,ImplementationOption,EffectiveFrom,DateTime,Yes,Start of applicability or content validity,Retain prior effective intervals
OBJ-IOP-0001,DOM-KNO-0001,KNO,ImplementationOption,EffectiveTo,DateTime,No,Exclusive end of validity,Absent means open interval; must be later than EffectiveFrom
OBJ-IOP-0001,DOM-KNO-0001,KNO,ImplementationOption,RecordedAt,DateTime,Yes,Time this revision was recorded,Distinct from effective time
OBJ-DRV-0001,DOM-GRC-0001,GRC,ComplianceDriver,CompanyID,UUID,Yes,Organization whose driver is being investigated,FK Company; does not itself define the tenant boundary
OBJ-DRV-0001,DOM-GRC-0001,GRC,ComplianceDriver,CaseID,UUID,Yes,Originating Content Driver Case,FK Case; additional Case relationships retain provenance
OBJ-DRV-0001,DOM-GRC-0001,GRC,ComplianceDriver,DriverText,Text,Yes,Attributed source obligation or organizational intent,Do not replace source text with AI interpretation
OBJ-DRV-0001,DOM-GRC-0001,GRC,ComplianceDriver,DriverBasis,Enum,Yes,External obligation voluntary adoption or inferred need,ExternalObligation;VoluntaryAdoption;InferredNeed
OBJ-DRV-0001,DOM-GRC-0001,GRC,ComplianceDriver,ScopeObjectType,String,Yes,Canonical type defining affected scope,Registered ObjectID
OBJ-DRV-0001,DOM-GRC-0001,GRC,ComplianceDriver,ScopeObjectID,UUID,Yes,Affected runtime scope,Typed FK according to ScopeObjectType
OBJ-DRV-0001,DOM-GRC-0001,GRC,ComplianceDriver,SourceEvidenceIDs,UUID[],Yes,Governed source references,One or more FK Evidence; source revisions and locators retained in relationships
OBJ-DRV-0001,DOM-GRC-0001,GRC,ComplianceDriver,ReviewState,Enum,Yes,Validation of driver interpretation,Candidate;NeedsReview;Confirmed;Rejected;Superseded; not assessment state
OBJ-GDN-0001,DOM-KNO-0001,KNO,Guidance,Title,String,Yes,Readable title,Never a referential key
OBJ-GDN-0001,DOM-KNO-0001,KNO,Guidance,GuidanceText,Text,Yes,Source-aware knowledge statement,Separate quoted source from interpretation
OBJ-GDN-0001,DOM-KNO-0001,KNO,Guidance,ContentKind,Enum,Yes,Kind of statement,Claim;Recommendation;Interpretation;Procedure;RiskExplanation
OBJ-GDN-0001,DOM-KNO-0001,KNO,Guidance,NormativeStrength,Enum,Yes,Strength attributed to source,Descriptive;Optional;Recommended;SourceMandatory;Unknown; source mandatory does not establish tenant applicability
OBJ-GDN-0001,DOM-KNO-0001,KNO,Guidance,ApplicabilityConditions,Text,Yes,Conditions assumptions and exclusions,Unknown or not yet specified must be explicit
OBJ-GDN-0001,DOM-KNO-0001,KNO,Guidance,SourceEvidenceIDs,UUID[],Yes,Source support for published guidance,One or more FK Evidence; retain exact source revision and locator
OBJ-GDN-0001,DOM-KNO-0001,KNO,Guidance,ReviewState,Enum,Yes,Publication review state,Draft;Reviewed;Published;Withdrawn;Superseded
OBJ-OBJ-0001,DOM-KNO-0001,KNO,Objective,Title,String,Yes,Name of reusable objective,Organization-specific goals use scoped adoption records
OBJ-OBJ-0001,DOM-KNO-0001,KNO,Objective,OutcomeText,Text,Yes,Desired outcome definition,Not an achieved Work Outcome
OBJ-OBJ-0001,DOM-KNO-0001,KNO,Objective,SuccessCriteria,Text,Yes,Criteria by which outcome could be evaluated,Does not record an organization assessment
OBJ-IOP-0001,DOM-KNO-0001,KNO,ImplementationOption,Title,String,Yes,Name of reusable approach,Never implies purchase or implementation
OBJ-IOP-0001,DOM-KNO-0001,KNO,ImplementationOption,ApproachText,Text,Yes,Description of how Controls could be realized,Use Control Implementation for actual tenant realization
OBJ-IOP-0001,DOM-KNO-0001,KNO,ImplementationOption,AssumptionsAndLimitations,Text,Yes,Dependencies conditions and limitations,Unresolved assumptions must be visible
OBJ-IOP-0001,DOM-KNO-0001,KNO,ImplementationOption,TradeoffBasis,Text,Yes,Cost effort disruption and risk estimate basis,Unknown permitted explicitly; monetary values require currency range period date and basis
OBJ-CAS-0001,DOM-OPS-0001,OPS,Case,CaseClassification,String,No,Classification including ContentDriver,Classification not a second Case object
OBJ-CAS-0001,DOM-OPS-0001,OPS,Case,ContentDriverCaseType,Enum,No,Intake type for ContentDriver cases,Required for ContentDriver; nine types in compliance-driver-analyzer.md
OBJ-CAS-0001,DOM-OPS-0001,OPS,Case,OriginalNarrativeEvidenceID,UUID,No,Original intake narrative,FK Evidence; attributable revisions preserve originals subject to retention
OBJ-OBS-0001,DOM-OPS-0001,OPS,Observation,StatementKind,Enum,No,Classification when used as Case Context Statement,Fact;Reported Statement;User Assertion;Opinion / Concern;AI Inference;Unknown
OBJ-OBS-0001,DOM-OPS-0001,OPS,Observation,ValidationState,Enum,No,Review state for contextual assertion,Unverified;Validated;Disputed;Superseded; classification never auto-promotes an inference
